name,poi_id,osm_way_id,waterway,barrier,area,centroid,geometry
,0,51473809,water,,6.923823999986302e-07,POINT (-94.907978 43.3962936),"POLYGON ((-94.90742109999999 43.3958662, -94.9075342 43.3958877, -94.9076744 43.3959493, -94.9077121 43.3959703, -94.9077594 43.3959839, -94.90788089999999 43.3959981, -94.9079449 43.3959898, -94.90802290000001 43.3959984, -94.9080788 43.396047, -94.90807839999999 43.396074, -94.908041 43.3961017, -94.9080218 43.3961218, -94.9079648 43.3962317, -94.9079448 43.396341, -94.9079825 43.396362, -94.9080246 43.3963658, -94.90803870000001 43.396343, -94.9081248 43.3962939, -94.90822850000001 43.3961364, -94.9083523 43.3960271, -94.90840919999999 43.3959929, -94.9084797 43.3959962, -94.90853130000001 43.3960278, -94.9085489 43.3960761, -94.9085489 43.3961166, -94.90857699999999 43.3961441, -94.9086707 43.3961785, -94.9086997 43.3961996, -94.90870320000001 43.3962302, -94.90864240000001 43.3963023, -94.9086322 43.3963295, -94.9085942 43.3963779, -94.9085082 43.3965486, -94.9084519 43.3966036, -94.9083857 43.3966587, -94.9083198 43.396685, -94.9082341 43.3967062, -94.908036 43.3966915, -94.90790509999999 43.3966496, -94.9077454 43.3965604, -94.9076044 43.3965114, -94.9074736 43.3964362, -94.9074519 43.3964149, -94.90742520000001 43.3963514, -94.9074329 43.3961235, -94.90740049999999 43.3961132, -94.90734399999999 43.3960854, -94.9073068 43.3960788, -94.9072779 43.3960649, -94.9072501 43.3960437, -94.90723130000001 43.3959963, -94.90724179999999 43.3959754, -94.90735460000001 43.3958727, -94.90742109999999 43.3958662))"
,1,51473857,wetland,,1.6822553549994627e-06,POINT (-94.9038929 43.3939026),"POLYGON ((-94.90293029999999 43.3931083, -94.9030053 43.3931772, -94.9030899 43.3932389, -94.9031647 43.3932601, -94.9033812 43.3932745, -94.9034757 43.3932955, -94.9035884 43.3933845, -94.903672 43.3934129, -94.903785 43.3934335, -94.90381259999999 43.3934474, -94.9038606 43.3934818, -94.9039068 43.3935368, -94.9039618 43.3937151, -94.9039952 43.3937568, -94.9040555 43.393791, -94.9041359 43.393795, -94.9041971 43.3937778, -94.90428199999999 43.3937305, -94.9043386 43.3936827, -94.90438589999999 43.3936549, -94.9044519 43.3936349, -94.90460779999999 43.3936458, -94.90490370000001 43.3937111, -94.9050166 43.3937254, -94.9050639 43.3937391, -94.9050819 43.3937604, -94.9050869 43.3938044, -94.9050769 43.3938388, -94.9050434 43.3939105, -94.9050148 43.3939452, -94.9049955 43.3939995, -94.9049481 43.3940615, -94.904939 43.3940887, -94.90488209999999 43.3941644, -94.9048624 43.3942052, -94.9048145 43.3942528, -94.90478640000001 43.394301, -94.9047291 43.3943623, -94.90468180000001 43.3943901, -94.9045598 43.3944372, -94.90442280000001 43.3944403, -94.9043052 43.3944297, -94.9042492 43.3944567, -94.90419230000001 43.394491, -94.90412619999999 43.3945119, -94.90403809999999 43.3945746, -94.9039296 43.3945809, -94.90385209999999 43.3945516, -94.9037403 43.394449, -94.90369370000001 43.394421, -94.9036274 43.3943933, -94.9034956 43.3943657, -94.9034114 43.3943176, -94.9033745 43.3942831, -94.9033178 43.3942075, -94.9032902 43.3941522, -94.90325420000001 43.393988, -94.9032358 43.3939532, -94.9031416 43.3938638, -94.90304810000001 43.3937951, -94.9029364 43.3936988, -94.90292669999999 43.3936639, -94.9029273 43.3936432, -94.9029554 43.3935959, -94.9030401 43.3935413, -94.9030592 43.3935203, -94.9030508 43.3934862, -94.9030229 43.3934651, -94.9027877 43.3934438, -94.90275889999999 43.3934308, -94.902731 43.3934096, -94.9027217 43.393389, -94.9027227 43.3932999, -94.9027512 43.3932661, -94.9027703 43.3932037, -94.9028177 43.3931425, -94.9028455 43.3931223, -94.90293029999999 43.3931083))"
,2,51473894,wetland,,1.1760192550000342e-06,POINT (-94.9047364 43.3997681),"POLYGON ((-94.9042616 43.3994232, -94.9046 43.3994248, -94.90535300000001 43.3994546, -94.9058 43.399494, -94.9058423 43.3995041, -94.9058888 43.3995312, -94.9058976 43.3996139, -94.9057991 43.3997029, -94.9054632 43.3998597, -94.90509419999999 43.400064, -94.9048768 43.4001802, -94.904811 43.4002074, -94.9047729 43.4002143, -94.9047071 43.4002415, -94.9045569 43.4002548, -94.9045095 43.4002412, -94.9043647 43.4001509, -94.90429450000001 43.4001169, -94.9042096 43.4000886, -94.9039274 43.4000672, -94.9038798 43.4000473, -94.903852 43.4000261, -94.9038159 43.3999367, -94.9038152 43.3998755, -94.90386340000001 43.3997585, -94.9039203 43.3996837, -94.90395030000001 43.3994987, -94.9039458 43.399433, -94.9042616 43.3994232))"
,3,51473910,wetland,,3.096742400001056e-07,POINT (-94.8968526 43.388583),"POLYGON ((-94.8972215 43.3883435, -94.8973622 43.3883817, -94.8974091 43.3884196, -94.8974085 43.3884403, -94.8973804 43.3884885, -94.89735159999999 43.3885151, -94.8972426 43.3885836, -94.8968035 43.3887952, -94.89666200000001 43.3888498, -94.89654880000001 43.3888625, -94.8965117 43.3888622, -94.8964465 43.3888282, -94.8963945 43.3887453, -94.8964005 43.3886218, -94.89641899999999 43.388581, -94.896528 43.3885126, -94.89672160000001 43.3884247, -94.896845 43.3883831, -94.8972215 43.3883435))"
,4,51473919,water,,1.7328551999829885e-07,POINT (-94.9047126 43.3986641),"POLYGON ((-94.90475720000001 43.3984515, -94.90479550000001 43.3984509, -94.9048992 43.3984897, -94.9049551 43.398541, -94.9049776 43.3986271, -94.9049534 43.3987607, -94.9049342 43.3987809, -94.9048796 43.3988115, -94.90479190000001 43.398849, -94.9046799 43.3988625, -94.9045575 43.3988556, -94.90448689999999 43.398809, -94.90443550000001 43.398745, -94.9044167 43.3986967, -94.9045399 43.3985326, -94.9045883 43.3984985, -94.90466379999999 43.3984648, -94.90475720000001 43.3984515))"
,5,51474056,wetland,,2.8407081700013107e-06,POINT (-94.8978104 43.3970523),"POLYGON ((-94.8980775 43.3964205, -94.8982948 43.3964214, -94.8983556 43.3964312, -94.89853859999999 43.3964767, -94.8988301 43.3965601, -94.8992808 43.3966778, -94.8994031 43.3967199, -94.8994684 43.3967539, -94.8995444 43.3968157, -94.8995815 43.3968574, -94.89961769999999 43.3969469, -94.8995893 43.3970284, -94.89952340000001 43.3970907, -94.89949420000001 43.3971038, -94.8992452 43.3971205, -94.8990139 43.3971847, -94.89871170000001 43.3972761, -94.89849030000001 43.3973032, -94.898363 43.3973405, -94.8982503 43.3973675, -94.8981746 43.3973949, -94.8980526 43.3974419, -94.8979382 43.397497, -94.8978632 43.3975477, -94.8976638 43.3977635, -94.8976346 43.3978181, -94.8975976 43.3978592, -94.89753140000001 43.3979143, -94.89750220000001 43.3979274, -94.89742750000001 43.3979475, -94.8972387 43.3979129, -94.8971446 43.3978649, -94.8968555 43.3976239, -94.89676609999999 43.3975686, -94.89648889999999 43.397431, -94.89645179999999 43.3973893, -94.89640559999999 43.3972928, -94.89638739999999 43.3971832, -94.8964167 43.3970945, -94.89645470000001 43.3970461, -94.8964732 43.3970053, -94.89675800000001 43.3966764, -94.8968804 43.3966015, -94.8969658 43.3965677, -94.8973287 43.3965238, -94.8975971 43.3964599, -94.8976771 43.3964496, -94.8980775 43.3964205))"
,6,51474096,water,,2.2261710000131325e-07,POINT (-94.89793659999999 43.3893256),"POLYGON ((-94.8982231 43.3891427, -94.8983077 43.3892043, -94.8983066 43.3892457, -94.89827870000001 43.3893416, -94.8982018 43.3894104, -94.89807020000001 43.3895054, -94.89803209999999 43.3895123, -94.8979097 43.3895458, -94.8977683 43.3895257, -94.89766539999999 43.3894698, -94.8976186 43.3894354, -94.897592 43.3892567, -94.8976009 43.3892232, -94.89767689999999 43.3891679, -94.8982231 43.3891427))"
,7,51474487,lake,,3.983880918500299e-05,POINT (-94.9066414 43.3938629),"POLYGON ((-94.9060434 43.3895376, -94.90607199999999 43.3895443, -94.90612710000001 43.3896064, -94.9061459 43.3896538, -94.90614619999999 43.389743, -94.90611680000001 43.3897912, -94.9060652 43.3898389, -94.9059081 43.3900243, -94.9053574 43.3906944, -94.90514880000001 43.3909337, -94.9051207 43.3909819, -94.905092 43.3910094, -94.9050733 43.391043, -94.90496779999999 43.3911457, -94.90490250000001 43.3912278, -94.90488240000001 43.3912965, -94.90482590000001 43.3913857, -94.9047832 43.3914783, -94.9047633 43.3915533, -94.904768 43.3915848, -94.90478589999999 43.3916052, -94.90492329999999 43.3916155, -94.9050032 43.3916061, -94.90508699999999 43.3916407, -94.90511530000001 43.3916744, -94.9051248 43.3917022, -94.905153 43.3917368, -94.9051613 43.3917637, -94.90521270000001 43.3918277, -94.9052547 43.3918675, -94.90531110000001 43.3918945, -94.9053863 43.3919707, -94.90537639999999 43.392087, -94.90546070000001 43.3921765, -94.9054691 43.3922106, -94.9054215 43.3922654, -94.905242 43.3924089, -94.9052038 43.39245, -94.9052222 43.3924848, -94.9052598 43.3925049, -94.9053396 43.3925297, -94.9055427 43.392547, -94.90557029999999 43.392561, -94.90559829999999 43.3925884, -94.9056167 43.3926232, -94.9056076 43.3926504, -94.9055791 43.3926842, -94.90557870000001 43.3927121, -94.9055506 43.3927603, -94.9055489 43.3929044, -94.9055401 43.3929379, -94.9055015 43.3929655, -94.905473 43.3929651, -94.90538859999999 43.3929512, -94.90531350000001 43.3929173, -94.9052579 43.3928759, -94.9052387 43.3928546, -94.905173 43.3928476, -94.9050883 43.3928616, -94.9050029 43.3928955, -94.9049612 43.3929052, -94.9049651 43.3929501, -94.9050215 43.392978, -94.9050687 43.3929844, -94.9051154 43.3930197, -94.9051521 43.3932045, -94.90517989999999 43.3932257, -94.9052075 43.3932387, -94.9053868 43.3932466, -94.90541930000001 43.3932604, -94.9054902 43.3933151, -94.9055183 43.3933461, -94.9056404 43.3934188, -94.9056964 43.3934323, -94.9057902 43.3934334, -94.90581899999999 43.3934059, -94.90583770000001 43.3933714, -94.9059137 43.3932756, -94.9059233 43.3932277, -94.905924 43.3931314, -94.90590520000001 43.3930839, -94.90582190000001 43.3929872, -94.9057957 43.392939, -94.9058502 43.3929048, -94.9059165 43.3928911, -94.9060018 43.3928572, -94.9060387 43.3928503, -94.90628510000001 43.3927553, -94.90653949999999 43.3926394, -94.9068606 43.3924828, -94.90692679999999 43.392469, -94.9069552 43.3924695, -94.90708669999999 43.3924898, -94.9072365 43.39258, -94.9072742 43.3926415, -94.9073212 43.3926831, -94.9073583 43.3927248, -94.90738589999999 43.3927378, -94.9074987 43.3927522, -94.9076361 43.3927219, -94.9077259 43.3927114, -94.9077819 43.3927258, -94.90783829999999 43.3927528, -94.90796 43.3927742, -94.90802600000001 43.3927542, -94.9080929 43.3927197, -94.90819639999999 43.3927135, -94.9082617 43.3927475, -94.9082803 43.3928301, -94.90830769999999 43.3928782, -94.9083358 43.3929057, -94.90838309999999 43.3929193, -94.90853300000001 43.3929339, -94.90859930000001 43.3929616, -94.9086176 43.3929955, -94.9086556 43.3930237, -94.9087019 43.3930445, -94.90878669999999 43.3930305, -94.90881570000001 43.3930102, -94.90880629999999 43.3929482, -94.90881589999999 43.3929004, -94.90878910000001 43.3927153, -94.90883669999999 43.3926191, -94.9089134 43.392544, -94.9089596 43.3925234, -94.9090076 43.3925172, -94.90907350000001 43.3925305, -94.9091476 43.3925725, -94.9091763 43.3926206, -94.9092309 43.3928259, -94.90925919999999 43.3928606, -94.9093055 43.3928814, -94.90947540000001 43.3929056, -94.9095178 43.3929193, -94.9096256 43.3929301, -94.9097474 43.3929172, -94.90979489999999 43.3928966, -94.9098614 43.3928901, -94.9099557 43.3929039, -94.9102559 43.3930285, -94.9104578 43.3931251, -94.91064059999999 43.3932454, -94.9106774 43.3932763, -94.9107717 43.3933314, -94.91099629999999 43.3934078, -94.9111565 43.3934358, -94.9113072 43.3934774, -94.91141020000001 43.3935324, -94.9116168 43.3936631, -94.91165820000001 43.393684, -94.9118222 43.3937947, -94.9119061 43.3939113, -94.9119244 43.3939803, -94.9119998 43.3940628, -94.9120746 43.3941245, -94.9121495 43.3941521, -94.9123003 43.3941937, -94.91239880000001 43.3942254, -94.9125162 43.3942288, -94.91279830000001 43.3942088, -94.91298740000001 43.3941723, -94.9132041 43.3941147, -94.91333590000001 43.3940665, -94.9133834 43.3940459, -94.91348670000001 43.3940325, -94.9135156 43.3940464, -94.9135613 43.3942041, -94.9136036 43.3942151, -94.9136556 43.3942188, -94.9137023 43.3942117, -94.91373110000001 43.3941842, -94.9137401 43.394157, -94.9137686 43.3941232, -94.9138262 43.3940682, -94.91385440000001 43.3940615, -94.9138828 43.394061, -94.91393840000001 43.3941024, -94.913939 43.3941231, -94.91398479999999 43.3941646, -94.914126 43.3941785, -94.91422009999999 43.3942273, -94.9143045 43.3942412, -94.91436090000001 43.3942277, -94.9144084 43.3942071, -94.9144465 43.3942001, -94.914494 43.3941795, -94.9145693 43.3941801, -94.914597 43.3941958, -94.91460549999999 43.3942695, -94.9145868 43.394304, -94.9145489 43.3944334, -94.9145336 43.394458, -94.9145384 43.3945714, -94.9145753 43.394605, -94.9147535 43.3946947, -94.9148938 43.3948391, -94.91493079999999 43.3949151, -94.9149572 43.3952037, -94.9149941 43.3952382, -94.91504209999999 43.3952725, -94.9150884 43.3952933, -94.91515390000001 43.3953345, -94.9151822 43.3953692, -94.9152004 43.3954373, -94.9151529 43.3954993, -94.9151439 43.3955265, -94.91506750000001 43.3956088, -94.9150204 43.3956429, -94.9149065 43.3957105, -94.9148026 43.3957447, -94.91471780000001 43.3957587, -94.91465169999999 43.3957373, -94.9146052 43.3957102, -94.91437089999999 43.3955241, -94.91432450000001 43.3955033, -94.9141075 43.395551, -94.9140132 43.3955778, -94.91383860000001 43.3956014, -94.91368319999999 43.3956455, -94.9132963 43.3958293, -94.91317309999999 43.3958773, -94.91305029999999 43.3958974, -94.91291940000001 43.3958969, -94.91280639999999 43.3958762, -94.91276860000001 43.3958517, -94.91274060000001 43.3958278, -94.912712 43.3957797, -94.91267620000001 43.3956632, -94.9126711 43.3956183, -94.9126866 43.3953677, -94.9126782 43.3953336, -94.9126505 43.3952783, -94.9126134 43.3952375, -94.9125286 43.3952101, -94.9122368 43.3952366, -94.9121896 43.3952292, -94.9121525 43.3951875, -94.91210580000001 43.395037, -94.9120775 43.3950024, -94.91200310000001 43.3949541, -94.91189 43.3949677, -94.9118137 43.3950158, -94.91174770000001 43.3950772, -94.91171780000001 43.3953443, -94.9116803 43.3954061, -94.9116324 43.3954537, -94.9115549 43.3954622, -94.9112183 43.3954391, -94.9110201 43.3954586, -94.91097259999999 43.3954792, -94.91081250000001 43.3954927, -94.9107664 43.395479, -94.9106912 43.3954443, -94.9105493 43.3954097, -94.91042280000001 43.395392, -94.910258 43.3953741, -94.91013580000001 43.3953743, -94.9100514 43.3954009, -94.9098528 43.395524, -94.9098051 43.3955374, -94.9096471 43.3955391, -94.909598 43.3955507, -94.9095322 43.395578, -94.9094563 43.3955981, -94.9094094 43.395598, -94.9093151 43.3955843, -94.90913759999999 43.3955152, -94.9090235 43.3955009, -94.9089859 43.3955213, -94.9089676 43.3955694, -94.9089761 43.3956034, -94.90899520000001 43.3956211, -94.9090796 43.3956729, -94.90918310000001 43.3957071, -94.9092484 43.3957421, -94.90931449999999 43.3957626, -94.9093937 43.395845, -94.90937 43.3958796, -94.9090731 43.3958611, -94.9089001 43.3958163, -94.9084678 43.3956948, -94.9082981 43.3956769, -94.90815139999999 43.3956865, -94.90804369999999 43.3957171, -94.9079775 43.3957309, -94.90792070000001 43.3957309, -94.9078792 43.3957064, -94.9078932 43.3956827, -94.9079315 43.3956416, -94.9080167 43.3955249, -94.90803560000001 43.3954571, -94.9080355 43.3954156, -94.9080179 43.3953673, -94.90797070000001 43.3953195, -94.90792399999999 43.3952851, -94.90785889999999 43.3952574, -94.9078016 43.3952431, -94.9076792 43.3952361, -94.9075948 43.3952636, -94.90750060000001 43.3953282, -94.9073389 43.3954885, -94.907211 43.3955843, -94.9071503 43.3956186, -94.90708429999999 43.3956386, -94.9069806 43.3956385, -94.9067874 43.395621, -94.90651889999999 43.395603, -94.90645259999999 43.3956167, -94.906358 43.3956714, -94.9063393 43.395705, -94.906311 43.3957874, -94.90625369999999 43.3958487, -94.9062072 43.395863, -94.9060982 43.3958522, -94.9059814 43.3958272, -94.9059338 43.3958072, -94.9058965 43.3957998, -94.9058302 43.395772, -94.9056939 43.3957545, -94.9055954 43.3957652, -94.9055479 43.3957849, -94.9054529 43.3958675, -94.9054435 43.3959217, -94.9054242 43.3959769, -94.9053292 43.3960586, -94.90521630000001 43.3961199, -94.9051501 43.3961336, -94.9050562 43.3961334, -94.90497120000001 43.3960988, -94.904766 43.3959753, -94.9043243 43.3957503, -94.9042773 43.3957061, -94.9042407 43.3956436, -94.9041847 43.3955887, -94.9039964 43.3954919, -94.90391940000001 43.3954761, -94.9037519 43.3954915, -94.90365799999999 43.3955291, -94.9034588 43.395635, -94.903299 43.3956953, -94.90311079999999 43.3956813, -94.90297870000001 43.3956403, -94.9028572 43.3955847, -94.90274410000001 43.3955641, -94.902659 43.3956051, -94.9025408 43.3956935, -94.9025177 43.3957074, -94.9023943 43.3957482, -94.902305 43.3957371, -94.9022255 43.3957204, -94.9021449 43.3957091, -94.9019431 43.3956918, -94.9017221 43.3956945, -94.90164129999999 43.395677, -94.9015666 43.3956557, -94.90150130000001 43.3956217, -94.90131359999999 43.3955041, -94.90121980000001 43.3954256, -94.9011826 43.3953802, -94.90109870000001 43.3953051, -94.9008254 43.3952898, -94.90075 43.3952488, -94.900732 43.3951869, -94.90073719999999 43.3951148, -94.90081859999999 43.3949541, -94.9008189 43.3949262, -94.9008096 43.3949056, -94.9006131 43.3947405, -94.9006416 43.3946653, -94.90082150000001 43.3944948, -94.90087920000001 43.3944056, -94.9009162 43.3943645, -94.90099290000001 43.3942894, -94.90112999999999 43.3941728, -94.9012005 43.3941392, -94.9012668 43.3941255, -94.90138899999999 43.3940847, -94.90145579999999 43.3940503, -94.9014933 43.3940236, -94.9015029 43.3940162, -94.9015112 43.3940053, -94.9015594 43.393927, -94.9016736 43.3937495, -94.90178849999999 43.3936333, -94.90185940000001 43.3935718, -94.9019481 43.3935244, -94.90199579999999 43.3935101, -94.90203339999999 43.3934896, -94.9020812 43.3934762, -94.9023351 43.393463, -94.9023923 43.3934359, -94.9024869 43.3933407, -94.90251499999999 43.3932925, -94.9025062 43.3931693, -94.9024878 43.3931345, -94.90241279999999 43.3930655, -94.90236609999999 43.3930312, -94.90226319999999 43.392942, -94.9022259 43.392894, -94.90219810000001 43.3928728, -94.90217029999999 43.3928111, -94.90218110000001 43.3926462, -94.90216270000001 43.3925709, -94.90199389999999 43.3923855, -94.9019754 43.3923444, -94.9019948 43.3922549, -94.90218470000001 43.3920501, -94.9022046 43.3920155, -94.9022322 43.391988, -94.9023842 43.3917559, -94.9024129 43.3917284, -94.9024411 43.3916802, -94.90246980000001 43.3916527, -94.90249919999999 43.3916045, -94.9026897 43.3912214, -94.90271 43.3910428, -94.9026916 43.3909674, -94.9026071 43.3909103, -94.9025226 43.3908919, -94.9023574 43.3909009, -94.9023426 43.3909804, -94.902342 43.3911173, -94.90231319999999 43.3911448, -94.90220119999999 43.3911169, -94.902079 43.3910406, -94.9019861 43.3909512, -94.9019594 43.3908878, -94.90196709999999 43.3908552, -94.902033 43.3907938, -94.90209969999999 43.3907531, -94.90225119999999 43.3907019, -94.9023729 43.3906855, -94.90244819999999 43.3906851, -94.90258 43.3907136, -94.9026176 43.3907336, -94.902665 43.3907482, -94.9027119 43.3907483, -94.9027397 43.3907271, -94.9027596 43.3906935, -94.90274049999999 43.3905974, -94.9027032 43.3905494, -94.9026665 43.3905212, -94.9026482 43.3904873, -94.9026554 43.3904404, -94.9026949 43.3904019, -94.90276160000001 43.3903234, -94.90288510000001 43.390207, -94.9029231 43.3901586, -94.9029322 43.3901314, -94.90296069999999 43.3900967, -94.90298989999999 43.3900422, -94.9030655 43.3899743, -94.9030935 43.3899604, -94.9031696 43.3899465, -94.9032443 43.3899264, -94.9033584 43.389865, -94.9033866 43.3898583, -94.9034434 43.3898582, -94.90349860000001 43.3898861, -94.9035275 43.3899415, -94.9035923 43.3899998, -94.9037333 43.3900857, -94.9037893 43.3901001, -94.9039121 43.3901205, -94.9039958 43.3901894, -94.9040621 43.3902171, -94.9041838 43.3902385, -94.9042493 43.3902797, -94.90426840000001 43.3903001, -94.9042771 43.3903414, -94.9043243 43.3903892, -94.90449769999999 43.390407, -94.90452190000001 43.3904309, -94.9045266 43.3904624, -94.9045399 43.3904928, -94.9045668 43.3907606, -94.90461259999999 43.3908022, -94.9046408 43.3908359, -94.904678 43.3909191, -94.9047096 43.3911004, -94.9047281 43.3911388, -94.9047806 43.3911218, -94.90481870000001 43.391077, -94.9050459 43.3907626, -94.90518950000001 43.3905774, -94.90522730000001 43.3905227, -94.9053792 43.3903653, -94.9057195 43.3899959, -94.9057871 43.3899065, -94.9058067 43.3896667, -94.9058642 43.3895298, -94.9059681 43.3895371, -94.9060434 43.3895376))"
,8,51474491,lake,,1.682255354999463e-06,POINT (-94.9038929 43.3939026),"POLYGON ((-94.90293029999999 43.3931083, -94.9028455 43.3931223, -94.9028177 43.3931425, -94.9027703 43.3932037, -94.9027512 43.3932661, -94.9027227 43.3932999, -94.9027217 43.393389, -94.902731 43.3934096, -94.90275889999999 43.3934308, -94.9027877 43.3934438, -94.9030229 43.3934651, -94.9030508 43.3934862, -94.9030592 43.3935203, -94.9030401 43.3935413, -94.9029554 43.3935959, -94.9029273 43.3936432, -94.90292669999999 43.3936639, -94.9029364 43.3936988, -94.90304810000001 43.3937951, -94.9031416 43.3938638, -94.9032358 43.3939532, -94.90325420000001 43.393988, -94.9032902 43.3941522, -94.9033178 43.3942075, -94.9033745 43.3942831, -94.9034114 43.3943176, -94.9034956 43.3943657, -94.9036274 43.3943933, -94.90369370000001 43.394421, -94.9037403 43.394449, -94.90385209999999 43.3945516, -94.9039296 43.3945809, -94.90403809999999 43.3945746, -94.90412619999999 43.3945119, -94.90419230000001 43.394491, -94.9042492 43.3944567, -94.9043052 43.3944297, -94.90442280000001 43.3944403, -94.9045598 43.3944372, -94.90468180000001 43.3943901, -94.9047291 43.3943623, -94.90478640000001 43.394301, -94.9048145 43.3942528, -94.9048624 43.3942052, -94.90488209999999 43.3941644, -94.904939 43.3940887, -94.9049481 43.3940615, -94.9049955 43.3939995, -94.9050148 43.3939452, -94.9050434 43.3939105, -94.9050769 43.3938388, -94.9050869 43.3938044, -94.9050819 43.3937604, -94.9050639 43.3937391, -94.9050166 43.3937254, -94.90490370000001 43.3937111, -94.90460779999999 43.3936458, -94.9044519 43.3936349, -94.90438589999999 43.3936549, -94.9043386 43.3936827, -94.90428199999999 43.3937305, -94.9041971 43.3937778, -94.9041359 43.393795, -94.9040555 43.393791, -94.9039952 43.3937568, -94.9039618 43.3937151, -94.9039068 43.3935368, -94.9038606 43.3934818, -94.90381259999999 43.3934474, -94.903785 43.3934335, -94.903672 43.3934129, -94.9035884 43.3933845, -94.9034757 43.3932955, -94.9033812 43.3932745, -94.9031647 43.3932601, -94.9030899 43.3932389, -94.9030053 43.3931772, -94.90293029999999 43.3931083))"
,9,51474614,wetland,,1.764588175002653e-06,POINT (-94.89964449999999 43.3911128),"POLYGON ((-94.8996195 43.3900109, -94.89962060000001 43.3899289, -94.8995549 43.3898805, -94.89948819999999 43.3898807, -94.8993856 43.3899148, -94.8993475 43.3899209, -94.8992623 43.3899619, -94.89921510000001 43.3899897, -94.89917440000001 43.3900318, -94.8991674 43.390085, -94.89921440000001 43.3901266, -94.89926149999999 43.3901339, -94.8993739 43.3901338, -94.899298 43.3901954, -94.8992326 43.3902361, -94.8991656 43.3902634, -94.8991185 43.3902974, -94.89908990000001 43.3903321, -94.8990709 43.3903937, -94.89907599999999 43.3904386, -94.8990897 43.3904825, -94.8991547 43.3905481, -94.89922900000001 43.3905928, -94.8993706 43.3906624, -94.8994742 43.3906967, -94.8997363 43.3908274, -94.9000741 43.3910487, -94.9001866 43.3911315, -94.90030729999999 43.3912412, -94.90034470000001 43.3912892, -94.9003865 43.3914442, -94.9004681 43.3918418, -94.90048640000001 43.3919522, -94.90049980000001 43.392106, -94.90048040000001 43.3921954, -94.90043230000001 43.3922773, -94.9004132 43.3922983, -94.90034660000001 43.392339, -94.9002816 43.3923527, -94.9001495 43.3923522, -94.9000465 43.3923377, -94.8999714 43.3923038, -94.89988630000001 43.3922278, -94.8998589 43.3921796, -94.8998308 43.3921522, -94.89980300000001 43.3920905, -94.89967300000001 43.3918433, -94.8996356 43.3917538, -94.89962149999999 43.3916956, -94.8995714 43.3915541, -94.89944180000001 43.3912798, -94.89933929999999 43.3911213, -94.8989832 43.3907499, -94.8988524 43.3906332, -94.8988056 43.3905989, -94.89856260000001 43.3904471, -94.8985349 43.3903504, -94.89853429999999 43.3903306, -94.8985636 43.3902823, -94.8986019 43.3902412, -94.898668 43.3901834, -94.89869659999999 43.3901523, -94.8988477 43.3899679, -94.8988674 43.3899261, -94.8989619 43.3898309, -94.8990754 43.3897489, -94.89917029999999 43.3897419, -94.8993957 43.3897634, -94.899556 43.3897571, -94.8997155 43.3897644, -94.899762 43.3897924, -94.8997665 43.3898158, -94.8997523 43.389916, -94.89973259999999 43.3899568, -94.8996195 43.3900109))"
,10,51474733,wetland,,1.1689374849994667e-06,POINT (-94.8952955 43.3998388),"POLYGON ((-94.89583690000001 43.399212, -94.8959014 43.3992604, -94.8959301 43.3993086, -94.8959334 43.3994553, -94.89589429999999 43.399627, -94.8958421 43.3997332, -94.8957942 43.3997809, -94.8957759 43.3998289, -94.8957285 43.3998909, -94.8956993 43.3999454, -94.8956458 43.4002092, -94.8955935 43.4003154, -94.89555590000001 43.4003773, -94.89550800000001 43.4004249, -94.89539379999999 43.4004862, -94.89532800000001 43.4005134, -94.89525329999999 43.4005345, -94.8950837 43.4005193, -94.8950176 43.4004987, -94.8949336 43.4004578, -94.89484969999999 43.4003818, -94.8948068 43.4003132, -94.8947843 43.4002649, -94.89471570000001 43.3999257, -94.89470710000001 43.3997673, -94.89471260000001 43.3997087, -94.89474199999999 43.39962, -94.89478 43.3995717, -94.8949873 43.3994079, -94.89507330000001 43.3993534, -94.8951488 43.3993197, -94.8952524 43.3992784, -94.89542160000001 43.3992378, -94.8956149 43.3992211, -94.89583690000001 43.399212))"
,11,51474741,water,,3.8056094999169644e-08,POINT (-94.9172658 43.394175),"POLYGON ((-94.9174158 43.3941311, -94.91742410000001 43.3941404, -94.9174027 43.3941677, -94.9173548 43.3942163, -94.9173174 43.394243, -94.917289 43.3942435, -94.9172514 43.3942639, -94.9172047 43.3942701, -94.91717629999999 43.3942706, -94.9171386 43.3942496, -94.91712149999999 43.3942172, -94.9171202 43.3942148, -94.91711960000001 43.394195, -94.91716719999999 43.3941402, -94.917224 43.3940987, -94.9173186 43.3940854, -94.9173754 43.3940854, -94.9174158 43.3941311))"
,12,51474840,water,,1.6346210500005503e-07,POINT (-94.9065329 43.3963861),"POLYGON ((-94.90676000000001 43.3961662, -94.90678389999999 43.3961803, -94.906826 43.396221, -94.90685329999999 43.3963034, -94.9068432 43.3963377, -94.90681530000001 43.3963931, -94.9067771 43.3964334, -94.9066448 43.3965085, -94.9065128 43.3965494, -94.9063192 43.396559, -94.9062672 43.3965553, -94.9061931 43.3965142, -94.906137 43.3964594, -94.9061931 43.3963981, -94.9062404 43.3963703, -94.9063349 43.3963498, -94.9064205 43.3963232, -94.90660920000001 43.3962003, -94.9066567 43.3961797, -94.90676000000001 43.3961662))"
,13,51474864,water,,1.0140166649948288e-06,POINT (-94.9167465 43.3948108),"POLYGON ((-94.9160624 43.3946575, -94.91608840000001 43.3943869, -94.9161118 43.3942668, -94.9161407 43.3942051, -94.9161884 43.3941503, -94.9162256 43.3941163, -94.9163494 43.3940485, -94.91641540000001 43.3940276, -94.9164641 43.3940061, -94.9165282 43.3940005, -94.9165939 43.3940489, -94.91661139999999 43.3941729, -94.9166116 43.394231, -94.9166117 43.394262, -94.9166573 43.3943369, -94.9166857 43.3944544, -94.9166841 43.3945985, -94.916731 43.3946391, -94.91685270000001 43.3946605, -94.91689100000001 43.3946607, -94.91696570000001 43.3946811, -94.91705949999999 43.394757, -94.9171446 43.3947916, -94.91722900000001 43.3948054, -94.9173796 43.3948056, -94.9175109 43.3948196, -94.9175585 43.3948404, -94.91759519999999 43.3948686, -94.9176049 43.3949027, -94.9175953 43.3949092, -94.9175855 43.3949507, -94.9175295 43.3949778, -94.9174438 43.3950017, -94.9171523 43.3950381, -94.9171048 43.3950587, -94.9170664 43.3950927, -94.9170759 43.3951205, -94.9171037 43.3951416, -94.91718849999999 43.3951654, -94.9172828 43.3951827, -94.9175753 43.3951769, -94.917641 43.3951839, -94.9177061 43.3952116, -94.9177339 43.3952328, -94.9177621 43.3952665, -94.9177437 43.3953083, -94.9176964 43.3953352, -94.91715859999999 43.3953541, -94.9167538 43.3954005, -94.9167075 43.3953796, -94.9166326 43.3953143, -94.9166232 43.395291, -94.9165479 43.3951734, -94.9165198 43.395146, -94.91641660000001 43.3950847, -94.9163705 43.3950701, -94.91631409999999 43.3950432, -94.91625550000001 43.3949856, -94.9162577 43.3949397, -94.91641920000001 43.3948514, -94.9164007 43.3947347, -94.9163732 43.3946865, -94.9163169 43.3946244, -94.91623199999999 43.3946718, -94.9162319 43.3947069, -94.9162498 43.3947273, -94.9162978 43.3947616, -94.9163061 43.3947885, -94.9162783 43.3948097, -94.91620260000001 43.3947956, -94.9160808 43.3946923, -94.9160725 43.3946645, -94.9160624 43.3946575))"
,14,51475061,water,,8.807390000071554e-08,POINT (-94.9168445 43.394207),"POLYGON ((-94.91669419999999 43.3942115, -94.9166876 43.3942004, -94.9166695 43.3940972, -94.9166968 43.3940634, -94.9167355 43.3940358, -94.916783 43.3940151, -94.9168299 43.3940153, -94.9168573 43.394022, -94.916895 43.394043, -94.9168943 43.3940979, -94.91692310000001 43.3941118, -94.91699869999999 43.3942407, -94.91701569999999 43.3942697, -94.917035 43.3943315, -94.917006 43.3943518, -94.91697739999999 43.3943865, -94.91688379999999 43.3943925, -94.9167528 43.3943101, -94.91669419999999 43.3942115))"
,15,51475078,water,,7.760654499998737e-08,POINT (-94.8993986 43.3900113),"POLYGON ((-94.8996195 43.3900109, -94.8995065 43.3900722, -94.8993739 43.3901338, -94.89926149999999 43.3901339, -94.89921440000001 43.3901266, -94.8991674 43.390085, -94.89917440000001 43.3900318, -94.89921510000001 43.3899897, -94.8992623 43.3899619, -94.8993475 43.3899209, -94.8993856 43.3899148, -94.89948819999999 43.3898807, -94.8995549 43.3898805, -94.89962060000001 43.3899289, -94.8996195 43.3900109))"
,16,236883704,wood,,2.7395782000168086e-07,POINT (-94.9095308 43.3999455),"POLYGON ((-94.9095368 43.4009746, -94.9100097 43.4000701, -94.9099418 43.4000568, -94.90986940000001 43.4000217, -94.90981309999999 43.3999808, -94.9097862 43.3999321, -94.9097111 43.3998775, -94.9096547 43.3998167, -94.90959580000001 43.3997703, -94.9095126 43.3997313, -94.90941340000001 43.3996865, -94.9092847 43.3996358, -94.909223 43.3996378, -94.9091506 43.3996534, -94.90907799999999 43.3996725, -94.9090217 43.3997153, -94.9090217 43.399766, -94.9089896 43.3997956, -94.9089385 43.3998264, -94.908936 43.3998658, -94.9089412 43.3998907, -94.9090111 43.3999067, -94.9091023 43.3999145, -94.9091827 43.3999184, -94.9092471 43.399897, -94.90925780000001 43.3998599, -94.9092042 43.3998483, -94.90916919999999 43.3998459, -94.90914770000001 43.3998342, -94.90914789999999 43.3998073, -94.9091586 43.3997723, -94.909223 43.3997313, -94.9092899 43.3997348, -94.9093678 43.3997547, -94.9093946 43.3998034, -94.909408 43.3999262, -94.909424 43.399996, -94.90943489999999 43.4000412, -94.90944829999999 43.4000859, -94.90954480000001 43.4002067, -94.9096655 43.4002711, -94.90980759999999 43.4003175, -94.90986669999999 43.4003626, -94.9098666 43.4004754, -94.90981290000001 43.4005027, -94.9096736 43.4005595, -94.90961729999999 43.4006043, -94.90961729999999 43.4006745, -94.9096627 43.400795, -94.9096681 43.4009158, -94.9096842 43.4009723, -94.9095368 43.4009746))"
,17,236883708,wood,,2.434218999878275e-08,POINT (-94.89787250000001 43.3912904),"POLYGON ((-94.8978666 43.3911695, -94.89783180000001 43.3912065, -94.89782080000001 43.3912568, -94.89781000000001 43.3913348, -94.8978127 43.3913855, -94.8978479 43.391417, -94.8979042 43.391419, -94.8979203 43.3913722, -94.8979015 43.3913215, -94.8979176 43.3912747, -94.8979417 43.3912241, -94.8979391 43.3911792, -94.89791219999999 43.3911617, -94.8978666 43.3911695))"
,18,236883709,wood,,2.2155389999106487e-08,POINT (-94.8970298 43.3915123),"POLYGON ((-94.8970539 43.3916236, -94.8970137 43.3915515, -94.8969681 43.3915223, -94.89691980000001 43.391495, -94.8968689 43.3914891, -94.89687410000001 43.3914678, -94.8970084 43.3914676, -94.8970084 43.3913994, -94.8970861 43.3914502, -94.8971019 43.3914966, -94.8971073 43.3915609, -94.8971076 43.3916002, -94.8970968 43.3916197, -94.8970539 43.3916236))"
,19,236883713,wood,,3.339279999996994e-07,POINT (-94.8952956 43.3919587),"POLYGON ((-94.89574229999999 43.3921577, -94.89575309999999 43.391994, -94.89575309999999 43.3919082, -94.8956994 43.3918653, -94.895624 43.3918883, -94.8954712 43.3918961, -94.89538829999999 43.3918926, -94.89532389999999 43.3918673, -94.8952676 43.3918497, -94.8952649 43.3917776, -94.8953051 43.3917367, -94.8953561 43.3916743, -94.8954097 43.3916392, -94.8954178 43.3915983, -94.89538020000001 43.3915632, -94.8952914 43.3916135, -94.8952137 43.3916252, -94.89511709999999 43.3916135, -94.8950742 43.3916213, -94.8950557 43.3916646, -94.8950447 43.3917051, -94.89498330000001 43.3917347, -94.8949508 43.391746, -94.8949511 43.3917932, -94.894943 43.3918848, -94.89493229999999 43.391953, -94.8949538 43.3920602, -94.8949672 43.3921031, -94.8949776 43.3921612, -94.89501540000001 43.3921908, -94.89507709999999 43.3922064, -94.89521120000001 43.3922064, -94.8953534 43.3922025, -94.89546609999999 43.3921869, -94.8955868 43.3921791, -94.8956458 43.3921791, -94.8957075 43.3921772, -94.89574229999999 43.3921577))"
,20,236883716,wood,,5.095626000013443e-08,POINT (-94.8975605 43.3913896),"POLYGON ((-94.89768960000001 43.3914365, -94.8976708 43.3913703, -94.8976681 43.3913118, -94.8976521 43.3912455, -94.8976521 43.3912007, -94.89762519999999 43.3911773, -94.897593 43.3912416, -94.89758500000001 43.3912806, -94.89754480000001 43.3913157, -94.89750960000001 43.3913504, -94.8974509 43.3913605, -94.89740260000001 43.3913995, -94.8973999 43.3914463, -94.8974372 43.3914966, -94.8974858 43.3915106, -94.8975421 43.3915106, -94.8976091 43.3914872, -94.897644 43.3914775, -94.89768960000001 43.3914365))"
,21,236883718,wood,,4.9508645000332996e-08,POINT (-94.89863870000001 43.4000732),"POLYGON ((-94.8987518 43.4001912, -94.8988215 43.4001424, -94.8987947 43.4000781, -94.898741 43.4000353, -94.8986388 43.3999843, -94.8985694 43.3999593, -94.8984889 43.3999691, -94.89845939999999 43.4000334, -94.8984967 43.4000817, -94.8985586 43.4001268, -94.8986579 43.4001678, -94.8987518 43.4001912))"
,22,236883721,wood,,6.494223999811613e-08,POINT (-94.90348950000001 43.3989106),"POLYGON ((-94.90340140000001 43.399087, -94.9034346 43.3986903, -94.9034695 43.3986747, -94.9035366 43.3986805, -94.9035714 43.3987273, -94.90355529999999 43.3991112, -94.9035231 43.3991346, -94.90341220000001 43.3991255, -94.90340140000001 43.399087))"
,23,236883729,wood,,5.190109749989856e-07,POINT (-94.8982627 43.3996869),"POLYGON ((-94.89794980000001 43.3996475, -94.8978264 43.3996027, -94.8976574 43.3995871, -94.8975662 43.3996397, -94.8975877 43.3997372, -94.89762500000001 43.3998284, -94.8976679 43.3999024, -94.89770540000001 43.399996, -94.8977888 43.4000606, -94.8978693 43.4000645, -94.8979686 43.40001, -94.8980651 43.3999613, -94.8981965 43.3999106, -94.8983226 43.3998814, -94.898387 43.3998814, -94.8984406 43.399858, -94.8984621 43.3998307, -94.8985425 43.3998346, -94.898623 43.3999067, -94.8986847 43.3999457, -94.8987759 43.3999847, -94.898843 43.3999321, -94.8988671 43.3998814, -94.8988617 43.3997956, -94.89885099999999 43.3997196, -94.8988159 43.399651, -94.89871960000001 43.3996144, -94.8986549 43.3996082, -94.8986093 43.3995965, -94.8985989 43.3995579, -94.8986069 43.3994897, -94.8986874 43.3994254, -94.8986874 43.3993571, -94.89869280000001 43.3992987, -94.8986603 43.3992554, -94.89861740000001 43.3992496, -94.8985828 43.3992675, -94.8985855 43.3993123, -94.898623 43.3993533, -94.8986254 43.3993938, -94.8985989 43.399402, -94.89852380000001 43.3993766, -94.898505 43.3993357, -94.8984701 43.3993084, -94.8983494 43.3992811, -94.8982419 43.3992554, -94.89819900000001 43.3992827, -94.898167 43.399324, -94.8981644 43.3993942, -94.898167 43.3994858, -94.8981909 43.3995322, -94.89816949999999 43.3995965, -94.8980839 43.3995715, -94.89801919999999 43.3995848, -94.8980085 43.3996179, -94.8980273 43.3996413, -94.8980893 43.3996553, -94.8981107 43.3996709, -94.8980873 43.3996859, -94.8980985 43.399857, -94.89788660000001 43.3998643, -94.8978755 43.3996932, -94.89797900000001 43.3996896, -94.89794980000001 43.3996475))"
,24,236883742,wood,,5.399005050016807e-07,POINT (-94.8973115 43.3919975),"POLYGON ((-94.8978532 43.3914775, -94.89775640000001 43.3915141, -94.8976974 43.3915745, -94.897695 43.3916197, -94.8976947 43.3917071, -94.8977162 43.3917792, -94.8977403 43.3918318, -94.8977433 43.3918848, -94.8977027 43.3919409, -94.8976199 43.3919745, -94.89751529999999 43.3919784, -94.8974643 43.3919628, -94.8974375 43.3919296, -94.8974509 43.3918751, -94.8974133 43.3918497, -94.89732189999999 43.3918786, -94.8972497 43.3919082, -94.8970995 43.3919472, -94.8969171 43.3919491, -94.8967667 43.3919526, -94.89665669999999 43.3919565, -94.89651449999999 43.3919643, -94.8963887 43.3919745, -94.896316 43.3919994, -94.8962975 43.3920329, -94.8962973 43.392091, -94.8962975 43.3921382, -94.896316 43.392169, -94.8964075 43.3921947, -94.89738920000001 43.3922025, -94.8977728 43.3922025, -94.8979578 43.3921908, -94.8980061 43.3921557, -94.8980007 43.3920895, -94.897982 43.3920037, -94.897982 43.3918965, -94.8979793 43.3917776, -94.8979578 43.3916041, -94.8979551 43.3915437, -94.8979149 43.3914969, -94.8978532 43.3914775))"
,25,236883744,wood,,1.1413975000057839e-08,POINT (-94.8978661 43.3910477),"POLYGON ((-94.89779420000001 43.3910662, -94.8978103 43.3909941, -94.8979042 43.3910038, -94.8979391 43.3910525, -94.89792300000001 43.3910974, -94.8978664 43.3910989, -94.8978291 43.3910837, -94.89779420000001 43.3910662))"
,27,51474491,lake,,1.682255354999463e-06,POINT (-94.9038929 43.3939026),"POLYGON ((-94.90293029999999 43.3931083, -94.9028455 43.3931223, -94.9028177 43.3931425, -94.9027703 43.3932037, -94.9027512 43.3932661, -94.9027227 43.3932999, -94.9027217 43.393389, -94.902731 43.3934096, -94.90275889999999 43.3934308, -94.9027877 43.3934438, -94.9030229 43.3934651, -94.9030508 43.3934862, -94.9030592 43.3935203, -94.9030401 43.3935413, -94.9029554 43.3935959, -94.9029273 43.3936432, -94.90292669999999 43.3936639, -94.9029364 43.3936988, -94.90304810000001 43.3937951, -94.9031416 43.3938638, -94.9032358 43.3939532, -94.90325420000001 43.393988, -94.9032902 43.3941522, -94.9033178 43.3942075, -94.9033745 43.3942831, -94.9034114 43.3943176, -94.9034956 43.3943657, -94.9036274 43.3943933, -94.90369370000001 43.394421, -94.9037403 43.394449, -94.90385209999999 43.3945516, -94.9039296 43.3945809, -94.90403809999999 43.3945746, -94.90412619999999 43.3945119, -94.90419230000001 43.394491, -94.9042492 43.3944567, -94.9043052 43.3944297, -94.90442280000001 43.3944403, -94.9045598 43.3944372, -94.90468180000001 43.3943901, -94.9047291 43.3943623, -94.90478640000001 43.394301, -94.9048145 43.3942528, -94.9048624 43.3942052, -94.90488209999999 43.3941644, -94.904939 43.3940887, -94.9049481 43.3940615, -94.9049955 43.3939995, -94.9050148 43.3939452, -94.9050434 43.3939105, -94.9050769 43.3938388, -94.9050869 43.3938044, -94.9050819 43.3937604, -94.9050639 43.3937391, -94.9050166 43.3937254, -94.90490370000001 43.3937111, -94.90460779999999 43.3936458, -94.9044519 43.3936349, -94.90438589999999 43.3936549, -94.9043386 43.3936827, -94.90428199999999 43.3937305, -94.9041971 43.3937778, -94.9041359 43.393795, -94.9040555 43.393791, -94.9039952 43.3937568, -94.9039618 43.3937151, -94.9039068 43.3935368, -94.9038606 43.3934818, -94.90381259999999 43.3934474, -94.903785 43.3934335, -94.903672 43.3934129, -94.9035884 43.3933845, -94.9034757 43.3932955, -94.9033812 43.3932745, -94.9031647 43.3932601, -94.9030899 43.3932389, -94.9030053 43.3931772, -94.90293029999999 43.3931083))"
,28,51474487,lake,,3.983880918500299e-05,POINT (-94.9066414 43.3938629),"POLYGON ((-94.9060434 43.3895376, -94.90607199999999 43.3895443, -94.90612710000001 43.3896064, -94.9061459 43.3896538, -94.90614619999999 43.389743, -94.90611680000001 43.3897912, -94.9060652 43.3898389, -94.9059081 43.3900243, -94.9053574 43.3906944, -94.90514880000001 43.3909337, -94.9051207 43.3909819, -94.905092 43.3910094, -94.9050733 43.391043, -94.90496779999999 43.3911457, -94.90490250000001 43.3912278, -94.90488240000001 43.3912965, -94.90482590000001 43.3913857, -94.9047832 43.3914783, -94.9047633 43.3915533, -94.904768 43.3915848, -94.90478589999999 43.3916052, -94.90492329999999 43.3916155, -94.9050032 43.3916061, -94.90508699999999 43.3916407, -94.90511530000001 43.3916744, -94.9051248 43.3917022, -94.905153 43.3917368, -94.9051613 43.3917637, -94.90521270000001 43.3918277, -94.9052547 43.3918675, -94.90531110000001 43.3918945, -94.9053863 43.3919707, -94.90537639999999 43.392087, -94.90546070000001 43.3921765, -94.9054691 43.3922106, -94.9054215 43.3922654, -94.905242 43.3924089, -94.9052038 43.39245, -94.9052222 43.3924848, -94.9052598 43.3925049, -94.9053396 43.3925297, -94.9055427 43.392547, -94.90557029999999 43.392561, -94.90559829999999 43.3925884, -94.9056167 43.3926232, -94.9056076 43.3926504, -94.9055791 43.3926842, -94.90557870000001 43.3927121, -94.9055506 43.3927603, -94.9055489 43.3929044, -94.9055401 43.3929379, -94.9055015 43.3929655, -94.905473 43.3929651, -94.90538859999999 43.3929512, -94.90531350000001 43.3929173, -94.9052579 43.3928759, -94.9052387 43.3928546, -94.905173 43.3928476, -94.9050883 43.3928616, -94.9050029 43.3928955, -94.9049612 43.3929052, -94.9049651 43.3929501, -94.9050215 43.392978, -94.9050687 43.3929844, -94.9051154 43.3930197, -94.9051521 43.3932045, -94.90517989999999 43.3932257, -94.9052075 43.3932387, -94.9053868 43.3932466, -94.90541930000001 43.3932604, -94.9054902 43.3933151, -94.9055183 43.3933461, -94.9056404 43.3934188, -94.9056964 43.3934323, -94.9057902 43.3934334, -94.90581899999999 43.3934059, -94.90583770000001 43.3933714, -94.9059137 43.3932756, -94.9059233 43.3932277, -94.905924 43.3931314, -94.90590520000001 43.3930839, -94.90582190000001 43.3929872, -94.9057957 43.392939, -94.9058502 43.3929048, -94.9059165 43.3928911, -94.9060018 43.3928572, -94.9060387 43.3928503, -94.90628510000001 43.3927553, -94.90653949999999 43.3926394, -94.9068606 43.3924828, -94.90692679999999 43.392469, -94.9069552 43.3924695, -94.90708669999999 43.3924898, -94.9072365 43.39258, -94.9072742 43.3926415, -94.9073212 43.3926831, -94.9073583 43.3927248, -94.90738589999999 43.3927378, -94.9074987 43.3927522, -94.9076361 43.3927219, -94.9077259 43.3927114, -94.9077819 43.3927258, -94.90783829999999 43.3927528, -94.90796 43.3927742, -94.90802600000001 43.3927542, -94.9080929 43.3927197, -94.90819639999999 43.3927135, -94.9082617 43.3927475, -94.9082803 43.3928301, -94.90830769999999 43.3928782, -94.9083358 43.3929057, -94.90838309999999 43.3929193, -94.90853300000001 43.3929339, -94.90859930000001 43.3929616, -94.9086176 43.3929955, -94.9086556 43.3930237, -94.9087019 43.3930445, -94.90878669999999 43.3930305, -94.90881570000001 43.3930102, -94.90880629999999 43.3929482, -94.90881589999999 43.3929004, -94.90878910000001 43.3927153, -94.90883669999999 43.3926191, -94.9089134 43.392544, -94.9089596 43.3925234, -94.9090076 43.3925172, -94.90907350000001 43.3925305, -94.9091476 43.3925725, -94.9091763 43.3926206, -94.9092309 43.3928259, -94.90925919999999 43.3928606, -94.9093055 43.3928814, -94.90947540000001 43.3929056, -94.9095178 43.3929193, -94.9096256 43.3929301, -94.9097474 43.3929172, -94.90979489999999 43.3928966, -94.9098614 43.3928901, -94.9099557 43.3929039, -94.9102559 43.3930285, -94.9104578 43.3931251, -94.91064059999999 43.3932454, -94.9106774 43.3932763, -94.9107717 43.3933314, -94.91099629999999 43.3934078, -94.9111565 43.3934358, -94.9113072 43.3934774, -94.91141020000001 43.3935324, -94.9116168 43.3936631, -94.91165820000001 43.393684, -94.9118222 43.3937947, -94.9119061 43.3939113, -94.9119244 43.3939803, -94.9119998 43.3940628, -94.9120746 43.3941245, -94.9121495 43.3941521, -94.9123003 43.3941937, -94.91239880000001 43.3942254, -94.9125162 43.3942288, -94.91279830000001 43.3942088, -94.91298740000001 43.3941723, -94.9132041 43.3941147, -94.91333590000001 43.3940665, -94.9133834 43.3940459, -94.91348670000001 43.3940325, -94.9135156 43.3940464, -94.9135613 43.3942041, -94.9136036 43.3942151, -94.9136556 43.3942188, -94.9137023 43.3942117, -94.91373110000001 43.3941842, -94.9137401 43.394157, -94.9137686 43.3941232, -94.9138262 43.3940682, -94.91385440000001 43.3940615, -94.9138828 43.394061, -94.91393840000001 43.3941024, -94.913939 43.3941231, -94.91398479999999 43.3941646, -94.914126 43.3941785, -94.91422009999999 43.3942273, -94.9143045 43.3942412, -94.91436090000001 43.3942277, -94.9144084 43.3942071, -94.9144465 43.3942001, -94.914494 43.3941795, -94.9145693 43.3941801, -94.914597 43.3941958, -94.91460549999999 43.3942695, -94.9145868 43.394304, -94.9145489 43.3944334, -94.9145336 43.394458, -94.9145384 43.3945714, -94.9145753 43.394605, -94.9147535 43.3946947, -94.9148938 43.3948391, -94.91493079999999 43.3949151, -94.9149572 43.3952037, -94.9149941 43.3952382, -94.91504209999999 43.3952725, -94.9150884 43.3952933, -94.91515390000001 43.3953345, -94.9151822 43.3953692, -94.9152004 43.3954373, -94.9151529 43.3954993, -94.9151439 43.3955265, -94.91506750000001 43.3956088, -94.9150204 43.3956429, -94.9149065 43.3957105, -94.9148026 43.3957447, -94.91471780000001 43.3957587, -94.91465169999999 43.3957373, -94.9146052 43.3957102, -94.91437089999999 43.3955241, -94.91432450000001 43.3955033, -94.9141075 43.395551, -94.9140132 43.3955778, -94.91383860000001 43.3956014, -94.91368319999999 43.3956455, -94.9132963 43.3958293, -94.91317309999999 43.3958773, -94.91305029999999 43.3958974, -94.91291940000001 43.3958969, -94.91280639999999 43.3958762, -94.91276860000001 43.3958517, -94.91274060000001 43.3958278, -94.912712 43.3957797, -94.91267620000001 43.3956632, -94.9126711 43.3956183, -94.9126866 43.3953677, -94.9126782 43.3953336, -94.9126505 43.3952783, -94.9126134 43.3952375, -94.9125286 43.3952101, -94.9122368 43.3952366, -94.9121896 43.3952292, -94.9121525 43.3951875, -94.91210580000001 43.395037, -94.9120775 43.3950024, -94.91200310000001 43.3949541, -94.91189 43.3949677, -94.9118137 43.3950158, -94.91174770000001 43.3950772, -94.91171780000001 43.3953443, -94.9116803 43.3954061, -94.9116324 43.3954537, -94.9115549 43.3954622, -94.9112183 43.3954391, -94.9110201 43.3954586, -94.91097259999999 43.3954792, -94.91081250000001 43.3954927, -94.9107664 43.395479, -94.9106912 43.3954443, -94.9105493 43.3954097, -94.91042280000001 43.395392, -94.910258 43.3953741, -94.91013580000001 43.3953743, -94.9100514 43.3954009, -94.9098528 43.395524, -94.9098051 43.3955374, -94.9096471 43.3955391, -94.909598 43.3955507, -94.9095322 43.395578, -94.9094563 43.3955981, -94.9094094 43.395598, -94.9093151 43.3955843, -94.90913759999999 43.3955152, -94.9090235 43.3955009, -94.9089859 43.3955213, -94.9089676 43.3955694, -94.9089761 43.3956034, -94.90899520000001 43.3956211, -94.9090796 43.3956729, -94.90918310000001 43.3957071, -94.9092484 43.3957421, -94.90931449999999 43.3957626, -94.9093937 43.395845, -94.90937 43.3958796, -94.9090731 43.3958611, -94.9089001 43.3958163, -94.9084678 43.3956948, -94.9082981 43.3956769, -94.90815139999999 43.3956865, -94.90804369999999 43.3957171, -94.9079775 43.3957309, -94.90792070000001 43.3957309, -94.9078792 43.3957064, -94.9078932 43.3956827, -94.9079315 43.3956416, -94.9080167 43.3955249, -94.90803560000001 43.3954571, -94.9080355 43.3954156, -94.9080179 43.3953673, -94.90797070000001 43.3953195, -94.90792399999999 43.3952851, -94.90785889999999 43.3952574, -94.9078016 43.3952431, -94.9076792 43.3952361, -94.9075948 43.3952636, -94.90750060000001 43.3953282, -94.9073389 43.3954885, -94.907211 43.3955843, -94.9071503 43.3956186, -94.90708429999999 43.3956386, -94.9069806 43.3956385, -94.9067874 43.395621, -94.90651889999999 43.395603, -94.90645259999999 43.3956167, -94.906358 43.3956714, -94.9063393 43.395705, -94.906311 43.3957874, -94.90625369999999 43.3958487, -94.9062072 43.395863, -94.9060982 43.3958522, -94.9059814 43.3958272, -94.9059338 43.3958072, -94.9058965 43.3957998, -94.9058302 43.395772, -94.9056939 43.3957545, -94.9055954 43.3957652, -94.9055479 43.3957849, -94.9054529 43.3958675, -94.9054435 43.3959217, -94.9054242 43.3959769, -94.9053292 43.3960586, -94.90521630000001 43.3961199, -94.9051501 43.3961336, -94.9050562 43.3961334, -94.90497120000001 43.3960988, -94.904766 43.3959753, -94.9043243 43.3957503, -94.9042773 43.3957061, -94.9042407 43.3956436, -94.9041847 43.3955887, -94.9039964 43.3954919, -94.90391940000001 43.3954761, -94.9037519 43.3954915, -94.90365799999999 43.3955291, -94.9034588 43.395635, -94.903299 43.3956953, -94.90311079999999 43.3956813, -94.90297870000001 43.3956403, -94.9028572 43.3955847, -94.90274410000001 43.3955641, -94.902659 43.3956051, -94.9025408 43.3956935, -94.9025177 43.3957074, -94.9023943 43.3957482, -94.902305 43.3957371, -94.9022255 43.3957204, -94.9021449 43.3957091, -94.9019431 43.3956918, -94.9017221 43.3956945, -94.90164129999999 43.395677, -94.9015666 43.3956557, -94.90150130000001 43.3956217, -94.90131359999999 43.3955041, -94.90121980000001 43.3954256, -94.9011826 43.3953802, -94.90109870000001 43.3953051, -94.9008254 43.3952898, -94.90075 43.3952488, -94.900732 43.3951869, -94.90073719999999 43.3951148, -94.90081859999999 43.3949541, -94.9008189 43.3949262, -94.9008096 43.3949056, -94.9006131 43.3947405, -94.9006416 43.3946653, -94.90082150000001 43.3944948, -94.90087920000001 43.3944056, -94.9009162 43.3943645, -94.90099290000001 43.3942894, -94.90112999999999 43.3941728, -94.9012005 43.3941392, -94.9012668 43.3941255, -94.90138899999999 43.3940847, -94.90145579999999 43.3940503, -94.9014933 43.3940236, -94.9015029 43.3940162, -94.9015112 43.3940053, -94.9015594 43.393927, -94.9016736 43.3937495, -94.90178849999999 43.3936333, -94.90185940000001 43.3935718, -94.9019481 43.3935244, -94.90199579999999 43.3935101, -94.90203339999999 43.3934896, -94.9020812 43.3934762, -94.9023351 43.393463, -94.9023923 43.3934359, -94.9024869 43.3933407, -94.90251499999999 43.3932925, -94.9025062 43.3931693, -94.9024878 43.3931345, -94.90241279999999 43.3930655, -94.90236609999999 43.3930312, -94.90226319999999 43.392942, -94.9022259 43.392894, -94.90219810000001 43.3928728, -94.90217029999999 43.3928111, -94.90218110000001 43.3926462, -94.90216270000001 43.3925709, -94.90199389999999 43.3923855, -94.9019754 43.3923444, -94.9019948 43.3922549, -94.90218470000001 43.3920501, -94.9022046 43.3920155, -94.9022322 43.391988, -94.9023842 43.3917559, -94.9024129 43.3917284, -94.9024411 43.3916802, -94.90246980000001 43.3916527, -94.90249919999999 43.3916045, -94.9026897 43.3912214, -94.90271 43.3910428, -94.9026916 43.3909674, -94.9026071 43.3909103, -94.9025226 43.3908919, -94.9023574 43.3909009, -94.9023426 43.3909804, -94.902342 43.3911173, -94.90231319999999 43.3911448, -94.90220119999999 43.3911169, -94.902079 43.3910406, -94.9019861 43.3909512, -94.9019594 43.3908878, -94.90196709999999 43.3908552, -94.902033 43.3907938, -94.90209969999999 43.3907531, -94.90225119999999 43.3907019, -94.9023729 43.3906855, -94.90244819999999 43.3906851, -94.90258 43.3907136, -94.9026176 43.3907336, -94.902665 43.3907482, -94.9027119 43.3907483, -94.9027397 43.3907271, -94.9027596 43.3906935, -94.90274049999999 43.3905974, -94.9027032 43.3905494, -94.9026665 43.3905212, -94.9026482 43.3904873, -94.9026554 43.3904404, -94.9026949 43.3904019, -94.90276160000001 43.3903234, -94.90288510000001 43.390207, -94.9029231 43.3901586, -94.9029322 43.3901314, -94.90296069999999 43.3900967, -94.90298989999999 43.3900422, -94.9030655 43.3899743, -94.9030935 43.3899604, -94.9031696 43.3899465, -94.9032443 43.3899264, -94.9033584 43.389865, -94.9033866 43.3898583, -94.9034434 43.3898582, -94.90349860000001 43.3898861, -94.9035275 43.3899415, -94.9035923 43.3899998, -94.9037333 43.3900857, -94.9037893 43.3901001, -94.9039121 43.3901205, -94.9039958 43.3901894, -94.9040621 43.3902171, -94.9041838 43.3902385, -94.9042493 43.3902797, -94.90426840000001 43.3903001, -94.9042771 43.3903414, -94.9043243 43.3903892, -94.90449769999999 43.390407, -94.90452190000001 43.3904309, -94.9045266 43.3904624, -94.9045399 43.3904928, -94.9045668 43.3907606, -94.90461259999999 43.3908022, -94.9046408 43.3908359, -94.904678 43.3909191, -94.9047096 43.3911004, -94.9047281 43.3911388, -94.9047806 43.3911218, -94.90481870000001 43.391077, -94.9050459 43.3907626, -94.90518950000001 43.3905774, -94.90522730000001 43.3905227, -94.9053792 43.3903653, -94.9057195 43.3899959, -94.9057871 43.3899065, -94.9058067 43.3896667, -94.9058642 43.3895298, -94.9059681 43.3895371, -94.9060434 43.3895376))"
